noc21_code_name,posting_count,total_vacancies,valid_salary_postings,median_hourly_salary,salary_coverage_percentage,cluster,cluster_name
Accommodation service managers,77,83,61,31.0,79.2,0,"Moderate demand, strong salary coverage"
"Accommodation, travel, tourism and related services supervisors",102,124,100,26.502403846153847,98.0,0,"Moderate demand, strong salary coverage"
Accounting and related clerks,848,872,475,23.5,56.0,0,"Moderate demand, strong salary coverage"
Accounting technicians and bookkeepers,1223,1301,1006,28.5,82.3,0,"Moderate demand, strong salary coverage"
Administrative assistants,2281,2478,1751,25.64,76.8,2,"Very high demand, lower salary"
Administrative officers,1724,2133,1116,28.85,64.7,2,"Very high demand, lower salary"
Administrators - post-secondary education and vocational training,23,23,15,45.141903846153845,65.2,0,"Moderate demand, strong salary coverage"
"Advertising, marketing and public relations managers",650,669,176,35.68393028846154,27.1,1,"Higher salary, limited salary coverage"
"Agricultural representatives, consultants and specialists",61,65,12,31.10576923076923,19.7,1,"Higher salary, limited salary coverage"
Agricultural service contractors and farm supervisors,82,177,77,22.5,93.9,0,"Moderate demand, strong salary coverage"
"Air pilots, flight engineers and flying instructors",42,101,31,50.0,73.8,0,"Moderate demand, strong salary coverage"
Aircraft mechanics and aircraft inspectors,35,112,22,39.0,62.9,0,"Moderate demand, strong salary coverage"
Animal health technologists and veterinary technicians,94,105,75,27.0,79.8,0,"Moderate demand, strong salary coverage"
Appliance servicers and repairers,29,43,22,26.75,75.9,0,"Moderate demand, strong salary coverage"
Architects,333,338,16,38.814807692307696,4.8,1,"Higher salary, limited salary coverage"
Architectural technologists and technicians,62,64,38,31.25,61.3,0,"Moderate demand, strong salary coverage"
Architecture and science managers,24,27,3,33.62,12.5,1,"Higher salary, limited salary coverage"
Artisans and craftspersons,22,22,21,21.0,95.5,0,"Moderate demand, strong salary coverage"
Assemblers and inspectors of other wood products,41,189,36,20.0,87.8,0,"Moderate demand, strong salary coverage"
Audiologists and speech-language pathologists,160,165,86,46.08653846153846,53.8,1,"Higher salary, limited salary coverage"
Authors and writers (except technical),53,53,38,26.857115384615383,71.7,0,"Moderate demand, strong salary coverage"
"Auto body collision, refinishing and glass technicians and damage repair estimators",211,290,178,28.990000000000002,84.4,0,"Moderate demand, strong salary coverage"
Automotive and heavy truck and equipment parts installers and servicers,146,198,102,21.0,69.9,0,"Moderate demand, strong salary coverage"
"Automotive service technicians, truck and bus mechanics and mechanical repairers",1161,1468,558,33.83,48.1,1,"Higher salary, limited salary coverage"
Bakers,384,640,305,19.0,79.4,0,"Moderate demand, strong salary coverage"
"Banking, credit and other investment managers",177,177,17,43.269230769230774,9.6,1,"Higher salary, limited salary coverage"
"Banking, insurance and other financial clerks",52,52,11,32.93269230769231,21.2,1,"Higher salary, limited salary coverage"
Bartenders,282,315,188,17.4,66.7,0,"Moderate demand, strong salary coverage"
Biological technologists and technicians,37,63,24,23.665,64.9,0,"Moderate demand, strong salary coverage"
Biologists and related scientists,49,79,24,24.259615384615387,49.0,0,"Moderate demand, strong salary coverage"
Bricklayers,32,82,29,41.5,90.6,0,"Moderate demand, strong salary coverage"
"Bus drivers, subway operators and other transit operators",240,362,173,22.2,72.1,0,"Moderate demand, strong salary coverage"
Business development officers and market researchers and analysts,601,602,74,34.64668269230769,12.3,1,"Higher salary, limited salary coverage"
Business systems specialists,170,176,48,43.4,28.2,1,"Higher salary, limited salary coverage"
Butchers - retail and wholesale,109,218,69,23.0,63.3,0,"Moderate demand, strong salary coverage"
By-law enforcement and other regulatory officers,32,32,28,37.215,87.5,0,"Moderate demand, strong salary coverage"
Cabinetmakers,144,224,116,26.035,80.6,0,"Moderate demand, strong salary coverage"
Career development practitioners and career counsellors (except education),64,68,46,26.478846153846153,71.9,0,"Moderate demand, strong salary coverage"
Carpenters,748,1492,646,31.0,86.4,0,"Moderate demand, strong salary coverage"
Cashiers,1498,1713,395,17.2,26.4,2,"Very high demand, lower salary"
Chefs,1024,1172,633,25.0,61.8,0,"Moderate demand, strong salary coverage"
Chemical technologists and technicians,93,108,40,27.275,43.0,1,"Higher salary, limited salary coverage"
Chemists,28,43,10,32.42788461538461,35.7,1,"Higher salary, limited salary coverage"
Chiropractors,143,144,117,51.79267067307692,81.8,0,"Moderate demand, strong salary coverage"
Civil engineering technologists and technicians,180,204,84,34.92788461538461,46.7,1,"Higher salary, limited salary coverage"
Civil engineers,261,263,74,48.07692307692308,28.4,1,"Higher salary, limited salary coverage"
Cleaning supervisors,246,442,231,27.5,93.9,0,"Moderate demand, strong salary coverage"
Coaches,55,85,40,26.0,72.7,0,"Moderate demand, strong salary coverage"
Collection clerks,34,36,8,22.449855769230766,23.5,1,"Higher salary, limited salary coverage"
College and other vocational instructors,225,277,83,38.44399038461539,36.9,1,"Higher salary, limited salary coverage"
Computer and information systems managers,334,335,61,52.730048076923076,18.3,1,"Higher salary, limited salary coverage"
Computer engineers (except software engineers and designers),71,74,30,49.03846153846154,42.3,1,"Higher salary, limited salary coverage"
Computer network and web technicians,176,180,86,36.05769230769231,48.9,1,"Higher salary, limited salary coverage"
Computer systems developers and programmers,71,75,19,39.40552884615384,26.8,1,"Higher salary, limited salary coverage"
Concrete finishers,108,304,99,33.5,91.7,0,"Moderate demand, strong salary coverage"
Conference and event planners,121,154,43,26.442307692307693,35.5,1,"Higher salary, limited salary coverage"
Conservation and fishery officers,26,61,25,16.75,96.2,0,"Moderate demand, strong salary coverage"
Construction estimators,186,197,112,32.47596153846154,60.2,0,"Moderate demand, strong salary coverage"
Construction inspectors,49,50,43,33.52,87.8,0,"Moderate demand, strong salary coverage"
Construction managers,451,477,283,40.86538461538461,62.7,0,"Moderate demand, strong salary coverage"
Construction millwrights and industrial mechanics,483,587,264,36.13365384615385,54.7,1,"Higher salary, limited salary coverage"
Construction trades helpers and labourers,1086,2530,830,25.0,76.4,2,"Very high demand, lower salary"
"Contractors and supervisors, carpentry trades",58,66,53,37.0,91.4,0,"Moderate demand, strong salary coverage"
"Contractors and supervisors, electrical trades and telecommunications occupations",21,26,18,48.0,85.7,0,"Moderate demand, strong salary coverage"
"Contractors and supervisors, heavy equipment operator crews",102,279,62,38.0,60.8,0,"Moderate demand, strong salary coverage"
"Contractors and supervisors, landscaping, grounds maintenance and horticulture services",76,123,68,29.25,89.5,0,"Moderate demand, strong salary coverage"
"Contractors and supervisors, machining, metal forming, shaping and erecting trades and related occupations",29,33,25,35.0,86.2,0,"Moderate demand, strong salary coverage"
"Contractors and supervisors, mechanic trades",81,89,35,38.5,43.2,1,"Higher salary, limited salary coverage"
"Contractors and supervisors, other construction trades, installers, repairers and servicers",172,223,144,35.125,83.7,0,"Moderate demand, strong salary coverage"
Cooks,2931,5161,2465,19.0,84.1,2,"Very high demand, lower salary"
Corporate sales managers,506,510,102,37.13533653846154,20.2,1,"Higher salary, limited salary coverage"
Correctional service officers,23,103,15,29.76,65.2,0,"Moderate demand, strong salary coverage"
"Correspondence, publication and regulatory clerks",57,60,27,27.08,47.4,1,"Higher salary, limited salary coverage"
Couriers and messengers,46,55,31,19.5,67.4,0,"Moderate demand, strong salary coverage"
Court clerks and related court services occupations,146,146,128,15.75,87.7,0,"Moderate demand, strong salary coverage"
Crane operators,87,96,29,40.0,33.3,1,"Higher salary, limited salary coverage"
Customer and information services supervisors,25,26,21,31.5,84.0,0,"Moderate demand, strong salary coverage"
Customer services representatives - financial institutions,20,24,12,19.75,60.0,0,"Moderate demand, strong salary coverage"
Cybersecurity specialists,139,147,41,42.0,29.5,1,"Higher salary, limited salary coverage"
Data entry clerks,79,109,41,22.5,51.9,0,"Moderate demand, strong salary coverage"
Data scientists,137,139,25,48.07692307692308,18.2,1,"Higher salary, limited salary coverage"
Database analysts and data administrators,264,268,49,43.27,18.6,1,"Higher salary, limited salary coverage"
Delivery service drivers and door-to-door distributors,618,680,364,21.0,58.9,0,"Moderate demand, strong salary coverage"
Dental assistants and dental laboratory assistants,376,384,295,27.5,78.5,0,"Moderate demand, strong salary coverage"
Dental hygienists and dental therapists,501,505,367,50.0,73.3,0,"Moderate demand, strong salary coverage"
Dentists,133,135,60,103.58670432692307,45.1,1,"Higher salary, limited salary coverage"
Dietitians and nutritionists,122,134,67,40.2,54.9,1,"Higher salary, limited salary coverage"
Dispatchers,111,134,82,28.85,73.9,0,"Moderate demand, strong salary coverage"
Drafting technologists and technicians,198,223,127,30.0,64.1,0,"Moderate demand, strong salary coverage"
"Dry cleaning, laundry and related occupations",34,47,30,18.875,88.2,0,"Moderate demand, strong salary coverage"
Early childhood educators and assistants,834,1409,693,22.0,83.1,0,"Moderate demand, strong salary coverage"
Economists and economic policy researchers and analysts,50,54,3,58.24519230769231,6.0,1,"Higher salary, limited salary coverage"
"Education policy researchers, consultants and program officers",59,111,49,26.7838125,83.1,0,"Moderate demand, strong salary coverage"
Educational counsellors,44,50,24,40.025,54.5,1,"Higher salary, limited salary coverage"
Electrical and electronics engineering technologists and technicians,193,235,101,32.96,52.3,1,"Higher salary, limited salary coverage"
Electrical and electronics engineers,209,230,55,43.269230769230774,26.3,1,"Higher salary, limited salary coverage"
Electrical mechanics,141,195,57,30.0,40.4,1,"Higher salary, limited salary coverage"
Electricians (except industrial and power system),455,597,283,35.0,62.2,0,"Moderate demand, strong salary coverage"
Electronic service technicians (household and business equipment),199,220,111,29.0,55.8,0,"Moderate demand, strong salary coverage"
"Electronics assemblers, fabricators, inspectors and testers",31,50,18,21.524807692307693,58.1,0,"Moderate demand, strong salary coverage"
Elementary and secondary school teacher assistants,264,265,58,24.505,22.0,1,"Higher salary, limited salary coverage"
Elementary school and kindergarten teachers,543,670,63,33.30625,11.6,1,"Higher salary, limited salary coverage"
Engineering inspectors and regulatory officers,43,51,12,30.865384615384613,27.9,1,"Higher salary, limited salary coverage"
Engineering managers,120,120,46,52.93509615384615,38.3,1,"Higher salary, limited salary coverage"
"Estheticians, electrologists and related occupations",275,431,227,20.19230769230769,82.5,0,"Moderate demand, strong salary coverage"
Executive assistants,221,221,109,29.21,49.3,1,"Higher salary, limited salary coverage"
Executive housekeepers,192,215,168,20.0,87.5,0,"Moderate demand, strong salary coverage"
Facility operation and maintenance managers,368,374,190,33.65384615384615,51.6,1,"Higher salary, limited salary coverage"
Film and video camera operators,24,25,12,25.5,50.0,0,"Moderate demand, strong salary coverage"
Financial advisors,290,333,91,31.25,31.4,1,"Higher salary, limited salary coverage"
Financial and investment analysts,432,433,90,36.05769230769231,20.8,1,"Higher salary, limited salary coverage"
Financial auditors and accountants,937,952,433,34.81129807692308,46.2,1,"Higher salary, limited salary coverage"
Financial managers,540,541,197,48.07692307692308,36.5,1,"Higher salary, limited salary coverage"
Financial sales representatives,104,106,13,28.98,12.5,1,"Higher salary, limited salary coverage"
Floor covering installers,51,80,51,27.0,100.0,0,"Moderate demand, strong salary coverage"
Food and beverage servers,480,675,297,17.4,61.9,0,"Moderate demand, strong salary coverage"
"Food counter attendants, kitchen helpers and related support occupations",1682,4020,1400,17.35,83.2,2,"Very high demand, lower salary"
Food service supervisors,2418,5112,2272,18.65,94.0,2,"Very high demand, lower salary"
Forestry technologists and technicians,51,57,23,27.24,45.1,1,"Higher salary, limited salary coverage"
"Furniture and fixture assemblers, finishers, refinishers and inspectors",35,123,27,21.0,77.1,0,"Moderate demand, strong salary coverage"
Gas fitters,45,50,21,37.0,46.7,1,"Higher salary, limited salary coverage"
General building maintenance workers and building superintendents,362,540,209,25.0,57.7,0,"Moderate demand, strong salary coverage"
General office support workers,506,624,353,21.509999999999998,69.8,0,"Moderate demand, strong salary coverage"
General practitioners and family physicians,137,239,94,149.11163461538462,68.6,1,"Higher salary, limited salary coverage"
Glaziers,40,97,39,34.15,97.5,0,"Moderate demand, strong salary coverage"
"Government managers - economic analysis, policy development and program administration",94,94,66,37.5,70.2,0,"Moderate demand, strong salary coverage"
Graphic arts technicians,21,22,13,27.23,61.9,0,"Moderate demand, strong salary coverage"
Graphic designers and illustrators,429,1073,121,33.65,28.2,1,"Higher salary, limited salary coverage"
Hairstylists and barbers,402,677,328,20.0,81.6,0,"Moderate demand, strong salary coverage"
Harvesting labourers,202,2919,199,17.4,98.5,0,"Moderate demand, strong salary coverage"
"Health policy researchers, consultants and program officers",56,66,36,27.01,64.3,0,"Moderate demand, strong salary coverage"
"Heating, refrigeration and air conditioning mechanics",110,141,80,35.1,72.7,0,"Moderate demand, strong salary coverage"
Heavy equipment operators,264,350,130,33.2825,49.2,1,"Higher salary, limited salary coverage"
Heavy-duty equipment mechanics,474,594,241,37.5,50.8,1,"Higher salary, limited salary coverage"
Home child care providers,605,616,603,19.25,99.7,0,"Moderate demand, strong salary coverage"
"Home support workers, caregivers and related occupations",1034,1613,649,20.0,62.8,0,"Moderate demand, strong salary coverage"
Hotel front desk clerks,228,282,192,18.0,84.2,0,"Moderate demand, strong salary coverage"
Human resources and recruitment officers,201,208,84,32.355769230769226,41.8,1,"Higher salary, limited salary coverage"
Human resources managers,477,477,184,39.66346153846153,38.6,1,"Higher salary, limited salary coverage"
Human resources professionals,459,461,126,35.03605769230769,27.5,1,"Higher salary, limited salary coverage"
Industrial and manufacturing engineers,111,111,30,34.77043269230769,27.0,1,"Higher salary, limited salary coverage"
"Industrial butchers and meat cutters, poultry preparers and related workers",20,166,9,21.5,45.0,1,"Higher salary, limited salary coverage"
Industrial designers,63,71,27,28.5,42.9,1,"Higher salary, limited salary coverage"
Industrial electricians,84,99,53,40.27,63.1,0,"Moderate demand, strong salary coverage"
Industrial engineering and manufacturing technologists and technicians,102,113,35,30.0,34.3,1,"Higher salary, limited salary coverage"
Industrial instrument technicians and mechanics,31,31,11,35.0,35.5,1,"Higher salary, limited salary coverage"
"Industrial painters, coaters and metal finishing process operators",66,93,47,26.814999999999998,71.2,0,"Moderate demand, strong salary coverage"
Industrial sewing machine operators,22,30,21,18.0,95.5,0,"Moderate demand, strong salary coverage"
Information systems specialists,765,772,92,44.305,12.0,1,"Higher salary, limited salary coverage"
Information systems testing technicians,37,39,14,37.5,37.8,1,"Higher salary, limited salary coverage"
Instructors of persons with disabilities,55,100,26,26.626153846153848,47.3,1,"Higher salary, limited salary coverage"
Insulators,39,85,37,31.01,94.9,0,"Moderate demand, strong salary coverage"
Insurance adjusters and claims examiners,56,56,5,34.81129807692308,8.9,1,"Higher salary, limited salary coverage"
Insurance agents and brokers,329,349,71,34.58653846153846,21.6,1,"Higher salary, limited salary coverage"
Insurance underwriters,49,52,5,37.25961538461539,10.2,1,"Higher salary, limited salary coverage"
"Insurance, real estate and financial brokerage managers",169,169,11,43.269230769230774,6.5,1,"Higher salary, limited salary coverage"
Interior designers and interior decorators,103,108,61,27.64423076923077,59.2,0,"Moderate demand, strong salary coverage"
Ironworkers,26,71,26,36.0,100.0,0,"Moderate demand, strong salary coverage"
"Janitors, caretakers and heavy-duty cleaners",294,344,148,20.575,50.3,0,"Moderate demand, strong salary coverage"
Journalists,66,66,2,22.76923076923077,3.0,1,"Higher salary, limited salary coverage"
Kinesiologists and other professional occupations in therapy and assessment,57,57,46,28.923076923076923,80.7,0,"Moderate demand, strong salary coverage"
Labourers in food and beverage processing,137,866,102,18.525,74.5,0,"Moderate demand, strong salary coverage"
Labourers in metal fabrication,73,93,42,23.25,57.5,0,"Moderate demand, strong salary coverage"
"Labourers in wood, pulp and paper processing",26,65,21,20.25,80.8,0,"Moderate demand, strong salary coverage"
Land surveyors,26,28,3,36.5,11.5,1,"Higher salary, limited salary coverage"
Landscape and horticulture technicians and specialists,291,379,143,27.0,49.1,1,"Higher salary, limited salary coverage"
Landscaping and grounds maintenance labourers,192,544,147,22.5,76.6,0,"Moderate demand, strong salary coverage"
Lawyers and Quebec notaries,261,262,54,51.68269230769231,20.7,1,"Higher salary, limited salary coverage"
Legal administrative assistants,230,242,135,25.92,58.7,0,"Moderate demand, strong salary coverage"
Library and public archive technicians,21,21,17,29.633653846153845,81.0,0,"Moderate demand, strong salary coverage"
Licensed practical nurses,1014,1407,521,37.44,51.4,1,"Higher salary, limited salary coverage"
Light duty cleaners,1138,1664,864,19.0,75.9,0,"Moderate demand, strong salary coverage"
Livestock labourers,208,594,200,17.5,96.2,0,"Moderate demand, strong salary coverage"
Machining tool operators,108,130,38,25.5,35.2,1,"Higher salary, limited salary coverage"
Machinists and machining and tooling inspectors,277,384,180,30.0,65.0,0,"Moderate demand, strong salary coverage"
Mail and parcel sorters and related occupations,20,21,2,16.77,10.0,1,"Higher salary, limited salary coverage"
Managers in customer and personal services,58,65,55,35.0,94.8,0,"Moderate demand, strong salary coverage"
Managers in health care,56,56,14,37.86057692307692,25.0,1,"Higher salary, limited salary coverage"
Managers in natural resources production and fishing,29,29,14,39.66346153846153,48.3,1,"Higher salary, limited salary coverage"
"Managers in social, community and correctional services",73,94,50,30.889423076923077,68.5,0,"Moderate demand, strong salary coverage"
Managers in transportation,81,84,53,48.95576923076923,65.4,1,"Higher salary, limited salary coverage"
Manufacturing managers,149,150,55,42.5,36.9,1,"Higher salary, limited salary coverage"
Massage therapists,235,281,164,40.0,69.8,0,"Moderate demand, strong salary coverage"
Material handlers,920,1131,426,22.4375,46.3,1,"Higher salary, limited salary coverage"
"Mathematicians, statisticians and actuaries",35,35,9,38.46153846153846,25.7,1,"Higher salary, limited salary coverage"
Maîtres d'hôtel and hosts/hostesses,49,82,42,17.4,85.7,0,"Moderate demand, strong salary coverage"
Meat cutters and fishmongers – retail and wholesale,125,162,44,21.21,35.2,1,"Higher salary, limited salary coverage"
Mechanical assemblers and inspectors,71,80,16,25.25,22.5,1,"Higher salary, limited salary coverage"
Mechanical engineering technologists and technicians,221,235,134,30.540865384615387,60.6,0,"Moderate demand, strong salary coverage"
Mechanical engineers,225,257,51,41.82692307692307,22.7,1,"Higher salary, limited salary coverage"
Medical administrative assistants,87,111,79,23.5,90.8,0,"Moderate demand, strong salary coverage"
Medical laboratory assistants and related technical occupations,75,75,53,24.205,70.7,0,"Moderate demand, strong salary coverage"
Medical laboratory technologists,117,120,103,34.925,88.0,0,"Moderate demand, strong salary coverage"
Medical radiation technologists,78,83,60,41.0,76.9,0,"Moderate demand, strong salary coverage"
Medical sonographers,50,55,37,40.5,74.0,0,"Moderate demand, strong salary coverage"
Metalworking and forging machine operators,56,80,40,24.75,71.4,0,"Moderate demand, strong salary coverage"
"Motion pictures, broadcasting, photography and performing arts assistants and operators",22,22,15,20.0,68.2,0,"Moderate demand, strong salary coverage"
"Motorcycle, all-terrain vehicle and other related mechanics",40,48,35,30.0,87.5,0,"Moderate demand, strong salary coverage"
"Natural and applied science policy researchers, consultants and program officers",109,118,70,33.56,64.2,0,"Moderate demand, strong salary coverage"
"Nurse aides, orderlies and patient service associates",1146,1752,940,24.005000000000003,82.0,0,"Moderate demand, strong salary coverage"
Nurse practitioners,271,291,179,57.75,66.1,1,"Higher salary, limited salary coverage"
Nursery and greenhouse labourers,67,543,60,17.73,89.6,0,"Moderate demand, strong salary coverage"
Nursing coordinators and supervisors,85,85,43,36.7839375,50.6,1,"Higher salary, limited salary coverage"
Occupational health and safety specialists,155,159,59,40.0,38.1,1,"Higher salary, limited salary coverage"
Occupational therapists,156,203,64,42.505,41.0,1,"Higher salary, limited salary coverage"
Oil and gas well drilling and related workers and services operators,20,65,16,45.75,80.0,0,"Moderate demand, strong salary coverage"
"Operators and attendants in amusement, recreation and sport",73,925,63,19.825,86.3,0,"Moderate demand, strong salary coverage"
Opticians,153,153,32,28.673076923076923,20.9,1,"Higher salary, limited salary coverage"
Optometrists,54,54,11,79.32692307692307,20.4,1,"Higher salary, limited salary coverage"
Other administrative services managers,218,223,98,43.99519230769231,45.0,1,"Higher salary, limited salary coverage"
Other assisting occupations in support of health services,134,142,108,21.0,80.6,0,"Moderate demand, strong salary coverage"
Other business services managers,35,36,18,46.85096153846154,51.4,1,"Higher salary, limited salary coverage"
Other customer and information services representatives,3141,3427,623,20.91346153846154,19.8,2,"Very high demand, lower salary"
Other financial officers,89,90,6,38.531875,6.7,1,"Higher salary, limited salary coverage"
Other instructors,45,53,39,31.25,86.7,0,"Moderate demand, strong salary coverage"
"Other labourers in processing, manufacturing and utilities",191,428,143,19.48,74.9,0,"Moderate demand, strong salary coverage"
Other managers in public administration,22,22,15,48.1,68.2,0,"Moderate demand, strong salary coverage"
Other medical technologists and technicians,232,236,10,25.49,4.3,1,"Higher salary, limited salary coverage"
Other practitioners of natural healing,28,35,18,33.26677884615385,64.3,0,"Moderate demand, strong salary coverage"
"Other products assemblers, finishers and inspectors",33,68,31,21.5,93.9,0,"Moderate demand, strong salary coverage"
Other professional occupations in health diagnosing and treating,40,41,31,59.010000000000005,77.5,0,"Moderate demand, strong salary coverage"
Other repairers and servicers,56,69,53,23.0,94.6,0,"Moderate demand, strong salary coverage"
Other sales related occupations,2052,2105,138,26.442307692307693,6.7,2,"Very high demand, lower salary"
Other service support occupations,196,294,60,20.0,30.6,1,"Higher salary, limited salary coverage"
Other services supervisors,105,229,102,25.0,97.1,0,"Moderate demand, strong salary coverage"
Other small engine and small equipment repairers,32,37,21,25.46,65.6,0,"Moderate demand, strong salary coverage"
"Other technical and coordinating occupations in motion pictures, broadcasting and the performing arts",96,96,10,31.595,10.4,1,"Higher salary, limited salary coverage"
Other technical occupations in therapy and assessment,117,123,92,25.0,78.6,0,"Moderate demand, strong salary coverage"
Other technical trades and related occupations,24,48,21,30.0,87.5,0,"Moderate demand, strong salary coverage"
Other trades helpers and labourers,185,318,148,25.0,80.0,0,"Moderate demand, strong salary coverage"
Outdoor sport and recreational guides,27,69,22,24.375,81.5,0,"Moderate demand, strong salary coverage"
Painters and decorators (except interior decorators),272,499,235,28.5,86.4,0,"Moderate demand, strong salary coverage"
Paralegals and related occupations,188,192,79,31.25,42.0,1,"Higher salary, limited salary coverage"
Paramedical occupations,269,317,229,33.235,85.1,0,"Moderate demand, strong salary coverage"
Payroll administrators,177,182,60,28.3475,33.9,1,"Higher salary, limited salary coverage"
Personnel clerks,43,44,23,26.0,53.5,0,"Moderate demand, strong salary coverage"
Pest controllers and fumigators,40,53,32,24.03846153846154,80.0,0,"Moderate demand, strong salary coverage"
Pet groomers and animal care workers,105,123,81,22.5,77.1,0,"Moderate demand, strong salary coverage"
Pharmacists,1099,1197,124,54.0,11.3,1,"Higher salary, limited salary coverage"
Pharmacy technical assistants and pharmacy assistants,526,544,213,20.0,40.5,1,"Higher salary, limited salary coverage"
Pharmacy technicians,394,394,84,34.515,21.3,1,"Higher salary, limited salary coverage"
"Physician assistants, midwives and allied health professionals",91,92,82,23.0,90.1,0,"Moderate demand, strong salary coverage"
Physiotherapists,497,539,382,48.28846153846154,76.9,0,"Moderate demand, strong salary coverage"
"Plasterers, drywall installers and finishers and lathers",212,567,211,30.0,99.5,0,"Moderate demand, strong salary coverage"
"Plastic products assemblers, finishers and inspectors",20,53,16,20.925,80.0,0,"Moderate demand, strong salary coverage"
Plumbers,363,468,253,35.0,69.7,0,"Moderate demand, strong salary coverage"
Post-secondary teaching and research assistants,31,32,18,30.799999999999997,58.1,0,"Moderate demand, strong salary coverage"
Power engineers and power systems operators,79,93,46,33.85942307692308,58.2,0,"Moderate demand, strong salary coverage"
Probation and parole officers,20,20,20,37.50817307692308,100.0,0,"Moderate demand, strong salary coverage"
"Process control and machine operators, food and beverage processing",54,107,43,22.0,79.6,0,"Moderate demand, strong salary coverage"
Procurement and purchasing agents and officers,252,257,139,32.45192307692308,55.2,0,"Moderate demand, strong salary coverage"
"Producers, directors, choreographers and related occupations",155,155,108,38.48639783653846,69.7,0,"Moderate demand, strong salary coverage"
Production and transportation logistics coordinators,297,318,174,27.0,58.6,0,"Moderate demand, strong salary coverage"
Production logistics workers,103,138,46,21.0,44.7,1,"Higher salary, limited salary coverage"
"Professional occupations in advertising, marketing and public relations",876,905,460,30.5505,52.5,1,"Higher salary, limited salary coverage"
Professional occupations in business management consulting,781,785,274,37.5,35.1,1,"Higher salary, limited salary coverage"
"Program leaders and instructors in recreation, sport and fitness",606,1257,505,22.24,83.3,0,"Moderate demand, strong salary coverage"
Property administrators,132,141,67,27.849038461538463,50.8,0,"Moderate demand, strong salary coverage"
Psychologists,107,112,63,70.0,58.9,1,"Higher salary, limited salary coverage"
Public works and maintenance labourers,86,108,59,22.83653846153846,68.6,0,"Moderate demand, strong salary coverage"
Public works maintenance equipment operators and related workers,53,62,34,28.325,64.2,0,"Moderate demand, strong salary coverage"
Purchasing and inventory control workers,90,95,37,23.0,41.1,1,"Higher salary, limited salary coverage"
Purchasing managers,110,110,49,45.67307692307692,44.5,1,"Higher salary, limited salary coverage"
Railway and motor transport labourers,46,66,34,22.25,73.9,0,"Moderate demand, strong salary coverage"
Real estate agents and salespersons,55,55,29,55.28846153846153,52.7,1,"Higher salary, limited salary coverage"
Receptionists,1444,1480,1079,20.380000000000003,74.7,0,"Moderate demand, strong salary coverage"
"Recreation, sports and fitness policy researchers, consultants and program officers",195,211,138,31.97,70.8,0,"Moderate demand, strong salary coverage"
"Recreation, sports and fitness program and service directors",45,45,40,49.90865384615385,88.9,0,"Moderate demand, strong salary coverage"
Registered nurses and registered psychiatric nurses,917,1187,192,40.0,20.9,1,"Higher salary, limited salary coverage"
"Registrars, restorers, interpreters and other occupations related to museum and art galleries",41,66,36,21.0225,87.8,0,"Moderate demand, strong salary coverage"
Residential and commercial installers and servicers,316,535,285,28.5,90.2,0,"Moderate demand, strong salary coverage"
"Respiratory therapists, clinical perfusionists and cardiopulmonary technologists",42,66,32,38.92,76.2,0,"Moderate demand, strong salary coverage"
Restaurant and food service managers,1111,1366,1043,27.0,93.9,0,"Moderate demand, strong salary coverage"
Retail and wholesale buyers,2166,2194,145,18.0,6.7,2,"Very high demand, lower salary"
Retail and wholesale trade managers,1933,1972,489,30.0,25.3,2,"Very high demand, lower salary"
Retail sales supervisors,1413,1820,917,23.08,64.9,2,"Very high demand, lower salary"
Retail salespersons and visual merchandisers,6381,6688,1503,20.5,23.6,2,"Very high demand, lower salary"
Roofers and shinglers,104,324,100,31.9625,96.2,0,"Moderate demand, strong salary coverage"
Sales and account representatives - wholesale trade (non-technical),148,160,58,24.82,39.2,1,"Higher salary, limited salary coverage"
School principals and administrators of elementary and secondary education,50,50,14,41.34615384615385,28.0,1,"Higher salary, limited salary coverage"
Secondary school teachers,315,504,58,34.77930288461538,18.4,1,"Higher salary, limited salary coverage"
"Securities agents, investment dealers and brokers",31,31,1,17.5,3.2,1,"Higher salary, limited salary coverage"
Security guards and related security service occupations,769,852,268,19.53,34.9,1,"Higher salary, limited salary coverage"
Senior government managers and officials,37,37,22,51.850500000000004,59.5,1,"Higher salary, limited salary coverage"
"Senior managers - construction, transportation, production and utilities",104,105,101,54.0,97.1,0,"Moderate demand, strong salary coverage"
"Senior managers - financial, communications and other business services",95,98,76,85.53846153846155,80.0,1,"Higher salary, limited salary coverage"
"Senior managers - health, education, social and community services and membership organizations",188,190,122,36.94086538461538,64.9,0,"Moderate demand, strong salary coverage"
"Senior managers - trade, broadcasting and other services",158,160,144,48.0,91.1,0,"Moderate demand, strong salary coverage"
Service station attendants,25,32,15,17.4,60.0,0,"Moderate demand, strong salary coverage"
Sheet metal workers,62,120,51,33.5,82.3,0,"Moderate demand, strong salary coverage"
Shippers and receivers,527,566,267,21.0,50.7,0,"Moderate demand, strong salary coverage"
Social and community service workers,532,1044,417,25.0,78.4,0,"Moderate demand, strong salary coverage"
"Social policy researchers, consultants and program officers",43,49,32,32.97,74.4,0,"Moderate demand, strong salary coverage"
Social workers,350,418,153,34.59423076923077,43.7,1,"Higher salary, limited salary coverage"
Software developers and programmers,1043,1108,154,46.151923076923076,14.8,1,"Higher salary, limited salary coverage"
Software engineers and designers,366,401,118,44.97596153846154,32.2,1,"Higher salary, limited salary coverage"
Specialists in clinical and laboratory medicine,76,133,53,156.25,69.7,1,"Higher salary, limited salary coverage"
Specialized cleaners,243,326,132,20.48,54.3,0,"Moderate demand, strong salary coverage"
Specialized livestock workers and farm machinery operators,86,205,49,23.0,57.0,0,"Moderate demand, strong salary coverage"
"Steamfitters, pipefitters and sprinkler system installers",69,80,39,37.0,56.5,1,"Higher salary, limited salary coverage"
"Store shelf stockers, clerks and order fillers",1058,1135,104,17.5,9.8,1,"Higher salary, limited salary coverage"
Storekeepers and partspersons,409,447,253,20.0,61.9,0,"Moderate demand, strong salary coverage"
Structural metal and platework fabricators and fitters,45,69,39,28.5,86.7,0,"Moderate demand, strong salary coverage"
"Student monitors, crossing guards and related occupations",183,1444,146,25.235,79.8,0,"Moderate demand, strong salary coverage"
"Supervisors, finance and insurance office workers",150,154,65,34.16,43.3,1,"Higher salary, limited salary coverage"
"Supervisors, food and beverage processing",65,81,55,31.5,84.6,0,"Moderate demand, strong salary coverage"
"Supervisors, general office and administrative support workers",201,204,86,32.35,42.8,1,"Higher salary, limited salary coverage"
"Supervisors, motor transport and other ground transit operators",88,112,79,37.0,89.8,0,"Moderate demand, strong salary coverage"
"Supervisors, petroleum, gas and chemical processing and utilities",20,20,12,42.46211538461539,60.0,1,"Higher salary, limited salary coverage"
"Supervisors, supply chain, tracking and scheduling coordination occupations",415,444,278,30.0,67.0,0,"Moderate demand, strong salary coverage"
"Support occupations in accommodation, travel and facilities set-up services",22,24,16,18.09,72.7,0,"Moderate demand, strong salary coverage"
Survey interviewers and statistical clerks,32,225,32,16.0,100.0,0,"Moderate demand, strong salary coverage"
"Tailors, dressmakers, furriers and milliners",44,61,31,19.0,70.5,0,"Moderate demand, strong salary coverage"
Taxi and limousine drivers and chauffeurs,121,145,13,23.0,10.7,1,"Higher salary, limited salary coverage"
Technical sales specialists - wholesale trade,277,300,100,35.0,36.1,1,"Higher salary, limited salary coverage"
Technical writers,39,40,7,32.45192307692308,17.9,1,"Higher salary, limited salary coverage"
Telecommunications equipment installation and cable television service technicians,79,117,69,32.0,87.3,0,"Moderate demand, strong salary coverage"
Telecommunications line and cable installers and repairers,21,40,18,33.5,85.7,0,"Moderate demand, strong salary coverage"
Therapists in counselling and related specialized therapies,172,213,141,36.05769230769231,82.0,0,"Moderate demand, strong salary coverage"
Tilesetters,71,140,70,34.212500000000006,98.6,0,"Moderate demand, strong salary coverage"
Tool and die makers,30,33,17,33.0,56.7,0,"Moderate demand, strong salary coverage"
Traditional Chinese medicine practitioners and acupuncturists,72,74,57,50.5,79.2,0,"Moderate demand, strong salary coverage"
Transport truck drivers,2143,4671,1096,29.25,51.1,2,"Very high demand, lower salary"
Transportation route and crew schedulers,27,27,16,22.5,59.3,0,"Moderate demand, strong salary coverage"
Travel counsellors,30,33,24,20.0,80.0,0,"Moderate demand, strong salary coverage"
University professors and lecturers,45,49,32,55.28846153846154,71.1,1,"Higher salary, limited salary coverage"
Upholsterers,23,61,22,24.5075,95.7,0,"Moderate demand, strong salary coverage"
Urban and land use planners,269,269,67,42.04,24.9,1,"Higher salary, limited salary coverage"
User support technicians,239,268,121,30.0,50.6,1,"Higher salary, limited salary coverage"
Veterinarians,37,59,23,58.89423076923077,62.2,1,"Higher salary, limited salary coverage"
Water and waste treatment plant operators,53,68,28,36.3725,52.8,1,"Higher salary, limited salary coverage"
Web designers,53,61,46,34.25,86.8,0,"Moderate demand, strong salary coverage"
Web developers and programmers,222,240,116,37.5,52.3,1,"Higher salary, limited salary coverage"
Welders and related machine operators,555,841,348,28.5,62.7,0,"Moderate demand, strong salary coverage"
Woodworking machine operators,27,43,15,23.0,55.6,0,"Moderate demand, strong salary coverage"
